--
-- PostgreSQL database dump
--

-- Dumped from database version 17.5
-- Dumped by pg_dump version 17.5

-- Started on 2025-07-20 14:53:37

SET statement_timeout = 0;
SET lock_timeout = 0;
SET idle_in_transaction_session_timeout = 0;
SET transaction_timeout = 0;
SET client_encoding = 'UTF8';
SET standard_conforming_strings = on;
SELECT pg_catalog.set_config('search_path', '', false);
SET check_function_bodies = false;
SET xmloption = content;
SET client_min_messages = warning;
SET row_security = off;

SET default_tablespace = '';

SET default_table_access_method = heap;

--
-- TOC entry 218 (class 1259 OID 16391)
-- Name: department; Type: TABLE; Schema: public; Owner: postgres
--

CREATE TABLE public.department (
    id bigint NOT NULL,
    name character varying(255)
);


ALTER TABLE public.department OWNER TO postgres;

--
-- TOC entry 217 (class 1259 OID 16390)
-- Name: department_id_seq; Type: SEQUENCE; Schema: public; Owner: postgres
--

ALTER TABLE public.department ALTER COLUMN id ADD GENERATED BY DEFAULT AS IDENTITY (
    SEQUENCE NAME public.department_id_seq
    START WITH 1
    INCREMENT BY 1
    NO MINVALUE
    NO MAXVALUE
    CACHE 1
);


--
-- TOC entry 220 (class 1259 OID 16397)
-- Name: employee; Type: TABLE; Schema: public; Owner: postgres
--

CREATE TABLE public.employee (
    id bigint NOT NULL,
    address character varying(255),
    email character varying(255),
    name character varying(255),
    department_id bigint
);


ALTER TABLE public.employee OWNER TO postgres;

--
-- TOC entry 219 (class 1259 OID 16396)
-- Name: employee_id_seq; Type: SEQUENCE; Schema: public; Owner: postgres
--

ALTER TABLE public.employee ALTER COLUMN id ADD GENERATED BY DEFAULT AS IDENTITY (
    SEQUENCE NAME public.employee_id_seq
    START WITH 1
    INCREMENT BY 1
    NO MINVALUE
    NO MAXVALUE
    CACHE 1
);


--
-- TOC entry 222 (class 1259 OID 16405)
-- Name: expense_claim; Type: TABLE; Schema: public; Owner: postgres
--

CREATE TABLE public.expense_claim (
    id bigint NOT NULL,
    date character varying(255),
    status character varying(255),
    total double precision NOT NULL,
    employee_id bigint,
    expense_type_id bigint,
    expense_type_name character varying(255)
);


ALTER TABLE public.expense_claim OWNER TO postgres;

--
-- TOC entry 224 (class 1259 OID 16413)
-- Name: expense_claim_entry; Type: TABLE; Schema: public; Owner: postgres
--

CREATE TABLE public.expense_claim_entry (
    id bigint NOT NULL,
    date character varying(255),
    description character varying(255),
    total double precision NOT NULL,
    expense_claim_id bigint,
    expense_type_id bigint
);


ALTER TABLE public.expense_claim_entry OWNER TO postgres;

--
-- TOC entry 223 (class 1259 OID 16412)
-- Name: expense_claim_entry_id_seq; Type: SEQUENCE; Schema: public; Owner: postgres
--

ALTER TABLE public.expense_claim_entry ALTER COLUMN id ADD GENERATED BY DEFAULT AS IDENTITY (
    SEQUENCE NAME public.expense_claim_entry_id_seq
    START WITH 1
    INCREMENT BY 1
    NO MINVALUE
    NO MAXVALUE
    CACHE 1
);


--
-- TOC entry 221 (class 1259 OID 16404)
-- Name: expense_claim_id_seq; Type: SEQUENCE; Schema: public; Owner: postgres
--

ALTER TABLE public.expense_claim ALTER COLUMN id ADD GENERATED BY DEFAULT AS IDENTITY (
    SEQUENCE NAME public.expense_claim_id_seq
    START WITH 1
    INCREMENT BY 1
    NO MINVALUE
    NO MAXVALUE
    CACHE 1
);


--
-- TOC entry 226 (class 1259 OID 16421)
-- Name: expense_type; Type: TABLE; Schema: public; Owner: postgres
--

CREATE TABLE public.expense_type (
    id bigint NOT NULL,
    name character varying(255)
);


ALTER TABLE public.expense_type OWNER TO postgres;

--
-- TOC entry 225 (class 1259 OID 16420)
-- Name: expense_type_id_seq; Type: SEQUENCE; Schema: public; Owner: postgres
--

ALTER TABLE public.expense_type ALTER COLUMN id ADD GENERATED BY DEFAULT AS IDENTITY (
    SEQUENCE NAME public.expense_type_id_seq
    START WITH 1
    INCREMENT BY 1
    NO MINVALUE
    NO MAXVALUE
    CACHE 1
);


--
-- TOC entry 228 (class 1259 OID 16427)
-- Name: leave; Type: TABLE; Schema: public; Owner: postgres
--

CREATE TABLE public.leave (
    id bigint NOT NULL,
    from_date character varying(255),
    note character varying(255),
    number_of_days integer NOT NULL,
    to_date character varying(255),
    employee_id bigint,
    leave_type_id bigint
);


ALTER TABLE public.leave OWNER TO postgres;

--
-- TOC entry 227 (class 1259 OID 16426)
-- Name: leave_id_seq; Type: SEQUENCE; Schema: public; Owner: postgres
--

ALTER TABLE public.leave ALTER COLUMN id ADD GENERATED BY DEFAULT AS IDENTITY (
    SEQUENCE NAME public.leave_id_seq
    START WITH 1
    INCREMENT BY 1
    NO MINVALUE
    NO MAXVALUE
    CACHE 1
);


--
-- TOC entry 230 (class 1259 OID 16435)
-- Name: leave_type; Type: TABLE; Schema: public; Owner: postgres
--

CREATE TABLE public.leave_type (
    id bigint NOT NULL,
    name character varying(255)
);


ALTER TABLE public.leave_type OWNER TO postgres;

--
-- TOC entry 229 (class 1259 OID 16434)
-- Name: leave_type_id_seq; Type: SEQUENCE; Schema: public; Owner: postgres
--

ALTER TABLE public.leave_type ALTER COLUMN id ADD GENERATED BY DEFAULT AS IDENTITY (
    SEQUENCE NAME public.leave_type_id_seq
    START WITH 1
    INCREMENT BY 1
    NO MINVALUE
    NO MAXVALUE
    CACHE 1
);


--
-- TOC entry 4890 (class 0 OID 16391)
-- Dependencies: 218
-- Data for Name: department; Type: TABLE DATA; Schema: public; Owner: postgres
--

INSERT INTO public.department VALUES (1, 'Engineering');
INSERT INTO public.department VALUES (2, 'IT');
INSERT INTO public.department VALUES (3, 'Finance');
INSERT INTO public.department VALUES (4, 'Operation');
INSERT INTO public.department VALUES (5, 'HR');
INSERT INTO public.department VALUES (6, 'Marketing');


--
-- TOC entry 4892 (class 0 OID 16397)
-- Dependencies: 220
-- Data for Name: employee; Type: TABLE DATA; Schema: public; Owner: postgres
--

INSERT INTO public.employee VALUES (1, 'Beirut', 'jane@gmail.com', 'Jane Doe', 1);
INSERT INTO public.employee VALUES (2, 'Berlin', 'john@gmail.com', 'John John', 3);
INSERT INTO public.employee VALUES (5, 'Beirut', 'alice@gmail.com', 'Alice Alice', 3);


--
-- TOC entry 4894 (class 0 OID 16405)
-- Dependencies: 222
-- Data for Name: expense_claim; Type: TABLE DATA; Schema: public; Owner: postgres
--

INSERT INTO public.expense_claim VALUES (1, '2025-08-01', 'pending', 900, 2, 1, 'Travel');
INSERT INTO public.expense_claim VALUES (2, '2025-09-11', 'pending', 500, 1, 2, 'Trip');


--
-- TOC entry 4896 (class 0 OID 16413)
-- Dependencies: 224
-- Data for Name: expense_claim_entry; Type: TABLE DATA; Schema: public; Owner: postgres
--

INSERT INTO public.expense_claim_entry VALUES (1, '2025-08-02', 'Flight Ticket', 500, 1, NULL);
INSERT INTO public.expense_claim_entry VALUES (2, '2025-08-03', 'Accommodation', 400, 1, NULL);
INSERT INTO public.expense_claim_entry VALUES (3, '2025-09-11', 'Transportation', 200, 2, NULL);
INSERT INTO public.expense_claim_entry VALUES (4, '2025-09-11', 'Meals', 300, 2, NULL);


--
-- TOC entry 4898 (class 0 OID 16421)
-- Dependencies: 226
-- Data for Name: expense_type; Type: TABLE DATA; Schema: public; Owner: postgres
--

INSERT INTO public.expense_type VALUES (1, 'Travel');
INSERT INTO public.expense_type VALUES (2, 'Trip');


--
-- TOC entry 4900 (class 0 OID 16427)
-- Dependencies: 228
-- Data for Name: leave; Type: TABLE DATA; Schema: public; Owner: postgres
--

INSERT INTO public.leave VALUES (2, '2025-08-01', 'NA', 12, '2025-08-12', 2, 1);
INSERT INTO public.leave VALUES (1, '2025-08-01', 'NA', 16, '2025-08-16', 1, 2);
INSERT INTO public.leave VALUES (3, '2025-07-01', 'Test Leave', 5, '2025-07-05', 1, 1);


--
-- TOC entry 4902 (class 0 OID 16435)
-- Dependencies: 230
-- Data for Name: leave_type; Type: TABLE DATA; Schema: public; Owner: postgres
--

INSERT INTO public.leave_type VALUES (1, 'Travel');
INSERT INTO public.leave_type VALUES (2, 'Vacation');
INSERT INTO public.leave_type VALUES (3, 'Conference');


--
-- TOC entry 4908 (class 0 OID 0)
-- Dependencies: 217
-- Name: department_id_seq; Type: SEQUENCE SET; Schema: public; Owner: postgres
--

SELECT pg_catalog.setval('public.department_id_seq', 6, true);


--
-- TOC entry 4909 (class 0 OID 0)
-- Dependencies: 219
-- Name: employee_id_seq; Type: SEQUENCE SET; Schema: public; Owner: postgres
--

SELECT pg_catalog.setval('public.employee_id_seq', 5, true);


--
-- TOC entry 4910 (class 0 OID 0)
-- Dependencies: 223
-- Name: expense_claim_entry_id_seq; Type: SEQUENCE SET; Schema: public; Owner: postgres
--

SELECT pg_catalog.setval('public.expense_claim_entry_id_seq', 5, true);


--
-- TOC entry 4911 (class 0 OID 0)
-- Dependencies: 221
-- Name: expense_claim_id_seq; Type: SEQUENCE SET; Schema: public; Owner: postgres
--

SELECT pg_catalog.setval('public.expense_claim_id_seq', 3, true);


--
-- TOC entry 4912 (class 0 OID 0)
-- Dependencies: 225
-- Name: expense_type_id_seq; Type: SEQUENCE SET; Schema: public; Owner: postgres
--

SELECT pg_catalog.setval('public.expense_type_id_seq', 2, true);


--
-- TOC entry 4913 (class 0 OID 0)
-- Dependencies: 227
-- Name: leave_id_seq; Type: SEQUENCE SET; Schema: public; Owner: postgres
--

SELECT pg_catalog.setval('public.leave_id_seq', 3, true);


--
-- TOC entry 4914 (class 0 OID 0)
-- Dependencies: 229
-- Name: leave_type_id_seq; Type: SEQUENCE SET; Schema: public; Owner: postgres
--

SELECT pg_catalog.setval('public.leave_type_id_seq', 3, true);


--
-- TOC entry 4726 (class 2606 OID 16395)
-- Name: department department_pkey; Type: CONSTRAINT; Schema: public; Owner: postgres
--

ALTER TABLE ONLY public.department
    ADD CONSTRAINT department_pkey PRIMARY KEY (id);


--
-- TOC entry 4728 (class 2606 OID 16403)
-- Name: employee employee_pkey; Type: CONSTRAINT; Schema: public; Owner: postgres
--

ALTER TABLE ONLY public.employee
    ADD CONSTRAINT employee_pkey PRIMARY KEY (id);


--
-- TOC entry 4732 (class 2606 OID 16419)
-- Name: expense_claim_entry expense_claim_entry_pkey; Type: CONSTRAINT; Schema: public; Owner: postgres
--

ALTER TABLE ONLY public.expense_claim_entry
    ADD CONSTRAINT expense_claim_entry_pkey PRIMARY KEY (id);


--
-- TOC entry 4730 (class 2606 OID 16411)
-- Name: expense_claim expense_claim_pkey; Type: CONSTRAINT; Schema: public; Owner: postgres
--

ALTER TABLE ONLY public.expense_claim
    ADD CONSTRAINT expense_claim_pkey PRIMARY KEY (id);


--
-- TOC entry 4734 (class 2606 OID 16425)
-- Name: expense_type expense_type_pkey; Type: CONSTRAINT; Schema: public; Owner: postgres
--

ALTER TABLE ONLY public.expense_type
    ADD CONSTRAINT expense_type_pkey PRIMARY KEY (id);


--
-- TOC entry 4736 (class 2606 OID 16433)
-- Name: leave leave_pkey; Type: CONSTRAINT; Schema: public; Owner: postgres
--

ALTER TABLE ONLY public.leave
    ADD CONSTRAINT leave_pkey PRIMARY KEY (id);


--
-- TOC entry 4738 (class 2606 OID 16439)
-- Name: leave_type leave_type_pkey; Type: CONSTRAINT; Schema: public; Owner: postgres
--

ALTER TABLE ONLY public.leave_type
    ADD CONSTRAINT leave_type_pkey PRIMARY KEY (id);


--
-- TOC entry 4740 (class 2606 OID 16445)
-- Name: expense_claim fk3ewla5gqtg1t8ya5kvbw3t19x; Type: FK CONSTRAINT; Schema: public; Owner: postgres
--

ALTER TABLE ONLY public.expense_claim
    ADD CONSTRAINT fk3ewla5gqtg1t8ya5kvbw3t19x FOREIGN KEY (employee_id) REFERENCES public.employee(id);


--
-- TOC entry 4739 (class 2606 OID 16440)
-- Name: employee fkbejtwvg9bxus2mffsm3swj3u9; Type: FK CONSTRAINT; Schema: public; Owner: postgres
--

ALTER TABLE ONLY public.employee
    ADD CONSTRAINT fkbejtwvg9bxus2mffsm3swj3u9 FOREIGN KEY (department_id) REFERENCES public.department(id);


--
-- TOC entry 4741 (class 2606 OID 16450)
-- Name: expense_claim_entry fkicupn34vl624s3hunlemiifjc; Type: FK CONSTRAINT; Schema: public; Owner: postgres
--

ALTER TABLE ONLY public.expense_claim_entry
    ADD CONSTRAINT fkicupn34vl624s3hunlemiifjc FOREIGN KEY (expense_claim_id) REFERENCES public.expense_claim(id);


--
-- TOC entry 4742 (class 2606 OID 16465)
-- Name: leave fkiudna9eykfomtmpb11fpx7k5l; Type: FK CONSTRAINT; Schema: public; Owner: postgres
--

ALTER TABLE ONLY public.leave
    ADD CONSTRAINT fkiudna9eykfomtmpb11fpx7k5l FOREIGN KEY (leave_type_id) REFERENCES public.leave_type(id);


--
-- TOC entry 4743 (class 2606 OID 16460)
-- Name: leave fkrxv1yae3gculoeem7af2uaon8; Type: FK CONSTRAINT; Schema: public; Owner: postgres
--

ALTER TABLE ONLY public.leave
    ADD CONSTRAINT fkrxv1yae3gculoeem7af2uaon8 FOREIGN KEY (employee_id) REFERENCES public.employee(id);


-- Completed on 2025-07-20 14:53:37

--
-- PostgreSQL database dump complete
--

